Date Time Of Error,Error or Fault Description
2026-01-01 08:30:12,NullPointerException in Authentication module
2026-01-01 10:45:05,Database connection timeout during heavy load
2026-01-02 09:12:33,UI Rendering error on Dashboard layout
2026-01-03 14:22:11,Memory leak detected in API gateway
2026-01-05 11:05:45,Database deadlock in concurrent transaction
2026-01-08 16:30:00,Security unauthorized access attempt blocked
2026-01-12 10:00:22,Database query performance degradation
2026-01-18 09:45:11,UI Modal component failing to close
2026-01-25 14:12:00,Database migration script failed
2026-02-05 11:30:15,Authentication token expiration logic bug
2026-02-20 15:45:00,Network timeout in third-party integration
